{
  "strOptionLogin": "",
  "isAutoUpdCookieAL": false,
  "isAutoCloseChrome": false,
  "isHChrome": false,
  "isCloseARun": false,
  "isCheckIPBOpenChrome": false,
  "isAutoUnCaptALogin": false,
  "isAutoUnCPALogin": false,
  "isSetExtension": false,
  "isAutoOpenWebsiteALogin": false,
  "strWebsite": "",
  "isChrome": true,
  "isFirefox": false,
  "strProfile": "",
  "isAutoCrtProfile": false,
  "isAutoDelCacheProfile": false,
  "strOptionLoginH": "",
  "isAutoUpdCookieALH": false,
  "isAutoUnCaptALoginH": false,
  "isUseProxyAccount": false,
  "isAutoUnlock": false
}