{
  "stream": 10,
  "streamChkInfo": 20,
  "folderProfiles": "C:\\Users\\Admin\\source\\repos\\HotMailVerNew\\SuperStarHotmail\\bin\\Release\\net8.0-windows\\Profiles\\",
  "isRuntimeLimit": false,
  "runFr": 0,
  "runTo": 0,
  "isShowWOpenBrowser": true,
  "windowChromeFr": 4,
  "windowChromeTo": 4,
  "addChromeViewFr": 0,
  "addChromeViewTo": 0,
  "delayOpenFr": 0,
  "delayOpenTo": 0,
  "delayCloseFr": 0,
  "delayCloseTo": 0,
  "isSaveDataStatus": false,
  "isBackupDtb": false,
  "nameDatabaseBackup": "",
  "isDontCheckIp": false,
  "afterChangeIP": 0,
  "changeIpLater": 0,
  "lastIpChangeOp": 0,
  "proxy": ""
}