{
  "isUseChromeProfile": false,
  "webCapt": "",
  "lastIndexWebCapt": -1,
  "webPhoneNb": "",
  "lastIndexPhoneNb": -1,
  "selectPhone": 1,
  "timeGetOTPPhone": 3,
  "isAddEmailRestore": false,
  "isRandomPass": true,
  "isCustomPass": false,
  "strCustomPass": "",
  "strForwardEmail": "",
  "isAddCharacterToEnd": false,
  "strEmailRestore": "",
  "strCharacter": "",
  "timeGetOTPEmailRes": 3,
  "strEmailResType": "",
  "strDomain1SecMail": "",
  "strDomainMailtm": "",
  "isRemoveEmailResOld": false,
  "strAddJunkEmail": ""
}